,value,compartment,time,network,model,N,T
0,0.988900893821825,susceptible,0.0,MN_pre,SEIR,10181,150
1,0.9706315686081918,susceptible,10.0,MN_pre,SEIR,10181,150
2,0.9324231411452706,susceptible,20.0,MN_pre,SEIR,10181,150
3,0.8729987231116786,susceptible,30.0,MN_pre,SEIR,10181,150
4,0.8134760828995187,susceptible,40.0,MN_pre,SEIR,10181,150
5,0.7626952165799037,susceptible,50.0,MN_pre,SEIR,10181,150
6,0.7255672330812297,susceptible,60.0,MN_pre,SEIR,10181,150
7,0.6996365779392987,susceptible,70.0,MN_pre,SEIR,10181,150
8,0.6813672527256655,susceptible,80.0,MN_pre,SEIR,10181,150
9,0.6684019251547,susceptible,90.0,MN_pre,SEIR,10181,150
10,0.6617228170120814,susceptible,100.0,MN_pre,SEIR,10181,150
11,0.657204596797957,susceptible,110.0,MN_pre,SEIR,10181,150
12,0.6554365975837344,susceptible,120.0,MN_pre,SEIR,10181,150
13,0.6537668205480798,susceptible,130.0,MN_pre,SEIR,10181,150
14,0.6526863765838327,susceptible,140.0,MN_pre,SEIR,10181,150
15,0.652293487869561,susceptible,150.0,MN_pre,SEIR,10181,150
16,0.011099106178175031,exposed,0.0,MN_pre,SEIR,10181,150
17,0.011000883999607112,exposed,10.0,MN_pre,SEIR,10181,150
18,0.019644435713584128,exposed,20.0,MN_pre,SEIR,10181,150
19,0.028779098320400747,exposed,30.0,MN_pre,SEIR,10181,150
20,0.028582653963264905,exposed,40.0,MN_pre,SEIR,10181,150
21,0.025537766427659366,exposed,50.0,MN_pre,SEIR,10181,150
22,0.019251546999312443,exposed,60.0,MN_pre,SEIR,10181,150
23,0.012768883213829683,exposed,70.0,MN_pre,SEIR,10181,150
24,0.008741773892544937,exposed,80.0,MN_pre,SEIR,10181,150
25,0.0063844416069148415,exposed,90.0,MN_pre,SEIR,10181,150
26,0.003241331892741381,exposed,100.0,MN_pre,SEIR,10181,150
27,0.0022591101070621746,exposed,110.0,MN_pre,SEIR,10181,150
28,0.0008839996071112857,exposed,120.0,MN_pre,SEIR,10181,150
29,0.0009822217856792063,exposed,130.0,MN_pre,SEIR,10181,150
30,0.0007857774285433651,exposed,140.0,MN_pre,SEIR,10181,150
31,0.00019644435713584126,exposed,150.0,MN_pre,SEIR,10181,150
32,0.0,infected,0.0,MN_pre,SEIR,10181,150
33,0.011983105785286318,infected,10.0,MN_pre,SEIR,10181,150
34,0.024162655927708478,infected,20.0,MN_pre,SEIR,10181,150
35,0.040860426284254986,infected,30.0,MN_pre,SEIR,10181,150
36,0.05598664178371476,infected,40.0,MN_pre,SEIR,10181,150
37,0.0528435320695413,infected,50.0,MN_pre,SEIR,10181,150
38,0.04655731264119438,infected,60.0,MN_pre,SEIR,10181,150
39,0.03673509478440232,infected,70.0,MN_pre,SEIR,10181,150
40,0.027502209999017778,infected,80.0,MN_pre,SEIR,10181,150
41,0.017679992142225716,infected,90.0,MN_pre,SEIR,10181,150
42,0.013554660642373048,infected,100.0,MN_pre,SEIR,10181,150
43,0.008152440821137414,infected,110.0,MN_pre,SEIR,10181,150
44,0.005402219821235635,infected,120.0,MN_pre,SEIR,10181,150
45,0.0026519988213338573,infected,130.0,MN_pre,SEIR,10181,150
46,0.0011786661428150476,infected,140.0,MN_pre,SEIR,10181,150
47,0.0009822217856792063,infected,150.0,MN_pre,SEIR,10181,150
48,0.0,removed,0.0,MN_pre,SEIR,10181,150
49,0.0063844416069148415,removed,10.0,MN_pre,SEIR,10181,150
50,0.023769767213436793,removed,20.0,MN_pre,SEIR,10181,150
51,0.05736175228366565,removed,30.0,MN_pre,SEIR,10181,150
52,0.10195462135350163,removed,40.0,MN_pre,SEIR,10181,150
53,0.1589234849228956,removed,50.0,MN_pre,SEIR,10181,150
54,0.20862390727826344,removed,60.0,MN_pre,SEIR,10181,150
55,0.2508594440624693,removed,70.0,MN_pre,SEIR,10181,150
56,0.28238876338277186,removed,80.0,MN_pre,SEIR,10181,150
57,0.3075336410961595,removed,90.0,MN_pre,SEIR,10181,150
58,0.32148119045280427,removed,100.0,MN_pre,SEIR,10181,150
59,0.3323838522738434,removed,110.0,MN_pre,SEIR,10181,150
60,0.33827718298791865,removed,120.0,MN_pre,SEIR,10181,150
61,0.34259895884490715,removed,130.0,MN_pre,SEIR,10181,150
62,0.34534917984480895,removed,140.0,MN_pre,SEIR,10181,150
63,0.346527845987624,removed,150.0,MN_pre,SEIR,10181,150
0,0.9909635595717513,susceptible,0.0,MN_post,SEIR,10181,150
1,0.9854631175719477,susceptible,10.0,MN_post,SEIR,10181,150
2,0.9784893428936254,susceptible,20.0,MN_post,SEIR,10181,150
3,0.9733817896080935,susceptible,30.0,MN_post,SEIR,10181,150
4,0.9668009036440428,susceptible,40.0,MN_post,SEIR,10181,150
5,0.9615951281799431,susceptible,50.0,MN_post,SEIR,10181,150
6,0.9586484628229054,susceptible,60.0,MN_post,SEIR,10181,150
7,0.9561929083587074,susceptible,70.0,MN_post,SEIR,10181,150
8,0.9543266869659169,susceptible,80.0,MN_post,SEIR,10181,150
9,0.9539337982516453,susceptible,90.0,MN_post,SEIR,10181,150
10,0.9533444651802377,susceptible,100.0,MN_post,SEIR,10181,150
11,0.9526569099302623,susceptible,110.0,MN_post,SEIR,10181,150
12,0.9522640212159905,susceptible,120.0,MN_post,SEIR,10181,150
13,0.9520675768588547,susceptible,130.0,MN_post,SEIR,10181,150
14,0.9519693546802868,susceptible,140.0,MN_post,SEIR,10181,150
15,0.9515764659660151,susceptible,150.0,MN_post,SEIR,10181,150
16,0.009036440428248698,exposed,0.0,MN_post,SEIR,10181,150
17,0.004027109321284746,exposed,10.0,MN_post,SEIR,10181,150
18,0.0037324427855809843,exposed,20.0,MN_post,SEIR,10181,150
19,0.002455554464198016,exposed,30.0,MN_post,SEIR,10181,150
20,0.003928887142716825,exposed,40.0,MN_post,SEIR,10181,150
21,0.002160887928494254,exposed,50.0,MN_post,SEIR,10181,150
22,0.0016697770356546508,exposed,60.0,MN_post,SEIR,10181,150
23,0.0006875552499754445,exposed,70.0,MN_post,SEIR,10181,150
24,0.0004911108928396031,exposed,80.0,MN_post,SEIR,10181,150
25,0.0002946665357037619,exposed,90.0,MN_post,SEIR,10181,150
26,0.00039288871427168253,exposed,100.0,MN_post,SEIR,10181,150
27,0.0004911108928396031,exposed,110.0,MN_post,SEIR,10181,150
28,0.00019644435713584126,exposed,120.0,MN_post,SEIR,10181,150
29,9.822217856792063e-05,exposed,130.0,MN_post,SEIR,10181,150
30,9.822217856792063e-05,exposed,140.0,MN_post,SEIR,10181,150
31,9.822217856792063e-05,exposed,150.0,MN_post,SEIR,10181,150
32,0.0,infected,0.0,MN_post,SEIR,10181,150
33,0.0068755524997544445,infected,10.0,MN_post,SEIR,10181,150
34,0.006187997249779,infected,20.0,MN_post,SEIR,10181,150
35,0.006777330321186524,infected,30.0,MN_post,SEIR,10181,150
36,0.0052057754640997935,infected,40.0,MN_post,SEIR,10181,150
37,0.005598664178371476,infected,50.0,MN_post,SEIR,10181,150
38,0.003830664964148905,infected,60.0,MN_post,SEIR,10181,150
39,0.003535998428445143,infected,70.0,MN_post,SEIR,10181,150
40,0.002750220999901778,infected,80.0,MN_post,SEIR,10181,150
41,0.0009822217856792063,infected,90.0,MN_post,SEIR,10181,150
42,0.0006875552499754445,infected,100.0,MN_post,SEIR,10181,150
43,0.0006875552499754445,infected,110.0,MN_post,SEIR,10181,150
44,0.0007857774285433651,infected,120.0,MN_post,SEIR,10181,150
45,0.00019644435713584126,infected,130.0,MN_post,SEIR,10181,150
46,0.00019644435713584126,infected,140.0,MN_post,SEIR,10181,150
47,0.0002946665357037619,infected,150.0,MN_post,SEIR,10181,150
48,0.0,removed,0.0,MN_post,SEIR,10181,150
49,0.0036342206070130636,removed,10.0,MN_post,SEIR,10181,150
50,0.011590217071014635,removed,20.0,MN_post,SEIR,10181,150
51,0.017385325606521954,removed,30.0,MN_post,SEIR,10181,150
52,0.024064433749140555,removed,40.0,MN_post,SEIR,10181,150
53,0.03064531971319124,removed,50.0,MN_post,SEIR,10181,150
54,0.035851095177291036,removed,60.0,MN_post,SEIR,10181,150
55,0.03958353796287201,removed,70.0,MN_post,SEIR,10181,150
56,0.04243198114134172,removed,80.0,MN_post,SEIR,10181,150
57,0.04478931342697181,removed,90.0,MN_post,SEIR,10181,150
58,0.04557509085551518,removed,100.0,MN_post,SEIR,10181,150
59,0.0461644239269227,removed,110.0,MN_post,SEIR,10181,150
60,0.046753756998330225,removed,120.0,MN_post,SEIR,10181,150
61,0.047637756605441506,removed,130.0,MN_post,SEIR,10181,150
62,0.04773597878400943,removed,140.0,MN_post,SEIR,10181,150
63,0.04803064531971319,removed,150.0,MN_post,SEIR,10181,150
0,0.9915528926431588,susceptible,0.0,MN_pre,SEIR_Q,10181,150
1,0.9829093409291818,susceptible,10.0,MN_pre,SEIR_Q,10181,150
2,0.9691582359296729,susceptible,20.0,MN_pre,SEIR_Q,10181,150
3,0.9501031332874963,susceptible,30.0,MN_pre,SEIR_Q,10181,150
4,0.9155289264315882,susceptible,40.0,MN_pre,SEIR_Q,10181,150
5,0.8761418328258521,susceptible,50.0,MN_pre,SEIR_Q,10181,150
6,0.8367547392201159,susceptible,60.0,MN_pre,SEIR_Q,10181,150
7,0.8038503093998625,susceptible,70.0,MN_pre,SEIR_Q,10181,150
8,0.7774285433650918,susceptible,80.0,MN_pre,SEIR_Q,10181,150
9,0.7570965524015323,susceptible,90.0,MN_pre,SEIR_Q,10181,150
10,0.7426578921520479,susceptible,100.0,MN_pre,SEIR_Q,10181,150
11,0.7331303408309596,susceptible,110.0,MN_pre,SEIR_Q,10181,150
12,0.725272566545526,susceptible,120.0,MN_pre,SEIR_Q,10181,150
13,0.7174147922600923,susceptible,130.0,MN_pre,SEIR_Q,10181,150
14,0.7114232393674492,susceptible,140.0,MN_pre,SEIR_Q,10181,150
15,0.7061192417247815,susceptible,150.0,MN_pre,SEIR_Q,10181,150
16,0.008447107356841175,exposed,0.0,MN_pre,SEIR_Q,10181,150
17,0.005303997642667715,exposed,10.0,MN_pre,SEIR_Q,10181,150
18,0.006580885964050683,exposed,20.0,MN_pre,SEIR_Q,10181,150
19,0.008839996071112858,exposed,30.0,MN_pre,SEIR_Q,10181,150
20,0.016795992535114428,exposed,40.0,MN_pre,SEIR_Q,10181,150
21,0.019546213535016208,exposed,50.0,MN_pre,SEIR_Q,10181,150
22,0.019153324820744524,exposed,60.0,MN_pre,SEIR_Q,10181,150
23,0.017778214320793635,exposed,70.0,MN_pre,SEIR_Q,10181,150
24,0.012081327963854239,exposed,80.0,MN_pre,SEIR_Q,10181,150
25,0.009625773499656222,exposed,90.0,MN_pre,SEIR_Q,10181,150
26,0.007170219035458206,exposed,100.0,MN_pre,SEIR_Q,10181,150
27,0.004911108928396032,exposed,110.0,MN_pre,SEIR_Q,10181,150
28,0.004518220214124349,exposed,120.0,MN_pre,SEIR_Q,10181,150
29,0.004223553678420588,exposed,130.0,MN_pre,SEIR_Q,10181,150
30,0.0029466653570376193,exposed,140.0,MN_pre,SEIR_Q,10181,150
31,0.002160887928494254,exposed,150.0,MN_pre,SEIR_Q,10181,150
32,0.0,infected,0.0,MN_pre,SEIR_Q,10181,150
33,0.006580885964050683,infected,10.0,MN_pre,SEIR_Q,10181,150
34,0.010313328749631668,infected,20.0,MN_pre,SEIR_Q,10181,150
35,0.014733326785188095,infected,30.0,MN_pre,SEIR_Q,10181,150
36,0.022198212356350062,infected,40.0,MN_pre,SEIR_Q,10181,150
37,0.03074354189175916,infected,50.0,MN_pre,SEIR_Q,10181,150
38,0.035949317355858955,infected,60.0,MN_pre,SEIR_Q,10181,150
39,0.03496709557017975,infected,70.0,MN_pre,SEIR_Q,10181,150
40,0.031922208034574205,infected,80.0,MN_pre,SEIR_Q,10181,150
41,0.02632354385620273,infected,90.0,MN_pre,SEIR_Q,10181,150
42,0.02003732442785581,infected,100.0,MN_pre,SEIR_Q,10181,150
43,0.015126215499459778,infected,110.0,MN_pre,SEIR_Q,10181,150
44,0.011393772713878795,infected,120.0,MN_pre,SEIR_Q,10181,150
45,0.01080443964247127,infected,130.0,MN_pre,SEIR_Q,10181,150
46,0.00933110696395246,infected,140.0,MN_pre,SEIR_Q,10181,150
47,0.005696886356939397,infected,150.0,MN_pre,SEIR_Q,10181,150
48,0.0,removed,0.0,MN_pre,SEIR_Q,10181,150
49,0.0052057754640997935,removed,10.0,MN_pre,SEIR_Q,10181,150
50,0.013947549356644731,removed,20.0,MN_pre,SEIR_Q,10181,150
51,0.02632354385620273,removed,30.0,MN_pre,SEIR_Q,10181,150
52,0.04547686867694725,removed,40.0,MN_pre,SEIR_Q,10181,150
53,0.07356841174737255,removed,50.0,MN_pre,SEIR_Q,10181,150
54,0.10814261860328062,removed,60.0,MN_pre,SEIR_Q,10181,150
55,0.14340438070916414,removed,70.0,MN_pre,SEIR_Q,10181,150
56,0.17856792063647972,removed,80.0,MN_pre,SEIR_Q,10181,150
57,0.20695413024260878,removed,90.0,MN_pre,SEIR_Q,10181,150
58,0.23013456438463806,removed,100.0,MN_pre,SEIR_Q,10181,150
59,0.24683233474118457,removed,110.0,MN_pre,SEIR_Q,10181,150
60,0.2588154405264709,removed,120.0,MN_pre,SEIR_Q,10181,150
61,0.2675572144190158,removed,130.0,MN_pre,SEIR_Q,10181,150
62,0.27629898831156074,removed,140.0,MN_pre,SEIR_Q,10181,150
63,0.2860229839897849,removed,150.0,MN_pre,SEIR_Q,10181,150
0,0.9896866712503684,susceptible,0.0,MN_post,SEIR_Q,10181,150
1,0.9834004518220214,susceptible,10.0,MN_post,SEIR_Q,10181,150
2,0.9765248993222669,susceptible,20.0,MN_post,SEIR_Q,10181,150
3,0.971613790393871,susceptible,30.0,MN_post,SEIR_Q,10181,150
4,0.9685689028582654,susceptible,40.0,MN_post,SEIR_Q,10181,150
5,0.9661133483940674,susceptible,50.0,MN_post,SEIR_Q,10181,150
6,0.964148904822709,susceptible,60.0,MN_post,SEIR_Q,10181,150
7,0.9626755721441902,susceptible,70.0,MN_post,SEIR_Q,10181,150
8,0.9613986838228072,susceptible,80.0,MN_post,SEIR_Q,10181,150
9,0.9611040172871034,susceptible,90.0,MN_post,SEIR_Q,10181,150
10,0.96031823985856,susceptible,100.0,MN_post,SEIR_Q,10181,150
11,0.9600235733228563,susceptible,110.0,MN_post,SEIR_Q,10181,150
12,0.9593360180728808,susceptible,120.0,MN_post,SEIR_Q,10181,150
13,0.9588449071800412,susceptible,130.0,MN_post,SEIR_Q,10181,150
14,0.9586484628229054,susceptible,140.0,MN_post,SEIR_Q,10181,150
15,0.9586484628229054,susceptible,150.0,MN_post,SEIR_Q,10181,150
16,0.010313328749631668,exposed,0.0,MN_post,SEIR_Q,10181,150
17,0.004321775856988508,exposed,10.0,MN_post,SEIR_Q,10181,150
18,0.00461644239269227,exposed,20.0,MN_post,SEIR_Q,10181,150
19,0.002750220999901778,exposed,30.0,MN_post,SEIR_Q,10181,150
20,0.0016697770356546508,exposed,40.0,MN_post,SEIR_Q,10181,150
21,0.0016697770356546508,exposed,50.0,MN_post,SEIR_Q,10181,150
22,0.0009822217856792063,exposed,60.0,MN_post,SEIR_Q,10181,150
23,0.0011786661428150476,exposed,70.0,MN_post,SEIR_Q,10181,150
24,0.0005893330714075238,exposed,80.0,MN_post,SEIR_Q,10181,150
25,9.822217856792063e-05,exposed,90.0,MN_post,SEIR_Q,10181,150
26,0.0002946665357037619,exposed,100.0,MN_post,SEIR_Q,10181,150
27,0.00019644435713584126,exposed,110.0,MN_post,SEIR_Q,10181,150
28,0.0004911108928396031,exposed,120.0,MN_post,SEIR_Q,10181,150
29,0.00019644435713584126,exposed,130.0,MN_post,SEIR_Q,10181,150
30,0.00019644435713584126,exposed,140.0,MN_post,SEIR_Q,10181,150
31,9.822217856792063e-05,exposed,150.0,MN_post,SEIR_Q,10181,150
32,0.0,infected,0.0,MN_post,SEIR_Q,10181,150
33,0.006973774678322366,infected,10.0,MN_post,SEIR_Q,10181,150
34,0.006973774678322366,infected,20.0,MN_post,SEIR_Q,10181,150
35,0.007170219035458206,infected,30.0,MN_post,SEIR_Q,10181,150
36,0.005598664178371476,infected,40.0,MN_post,SEIR_Q,10181,150
37,0.0034377762498772222,infected,50.0,MN_post,SEIR_Q,10181,150
38,0.002750220999901778,infected,60.0,MN_post,SEIR_Q,10181,150
39,0.0014733326785188097,infected,70.0,MN_post,SEIR_Q,10181,150
40,0.0018662213927904921,infected,80.0,MN_post,SEIR_Q,10181,150
41,0.0011786661428150476,infected,90.0,MN_post,SEIR_Q,10181,150
42,0.001080443964247127,infected,100.0,MN_post,SEIR_Q,10181,150
43,0.0005893330714075238,infected,110.0,MN_post,SEIR_Q,10181,150
44,0.00039288871427168253,infected,120.0,MN_post,SEIR_Q,10181,150
45,0.00039288871427168253,infected,130.0,MN_post,SEIR_Q,10181,150
46,0.00039288871427168253,infected,140.0,MN_post,SEIR_Q,10181,150
47,9.822217856792063e-05,infected,150.0,MN_post,SEIR_Q,10181,150
48,0.0,removed,0.0,MN_post,SEIR_Q,10181,150
49,0.005303997642667715,removed,10.0,MN_post,SEIR_Q,10181,150
50,0.011884883606718397,removed,20.0,MN_post,SEIR_Q,10181,150
51,0.01846576957076908,removed,30.0,MN_post,SEIR_Q,10181,150
52,0.024162655927708478,removed,40.0,MN_post,SEIR_Q,10181,150
53,0.028779098320400747,removed,50.0,MN_post,SEIR_Q,10181,150
54,0.03211865239171005,removed,60.0,MN_post,SEIR_Q,10181,150
55,0.03467242903447598,removed,70.0,MN_post,SEIR_Q,10181,150
56,0.036145761712994794,removed,80.0,MN_post,SEIR_Q,10181,150
57,0.037619094391513605,removed,90.0,MN_post,SEIR_Q,10181,150
58,0.03830664964148905,removed,100.0,MN_post,SEIR_Q,10181,150
59,0.039190649248600336,removed,110.0,MN_post,SEIR_Q,10181,150
60,0.03977998232000786,removed,120.0,MN_post,SEIR_Q,10181,150
61,0.04056575974855122,removed,130.0,MN_post,SEIR_Q,10181,150
62,0.04076220410568707,removed,140.0,MN_post,SEIR_Q,10181,150
63,0.041155092819958744,removed,150.0,MN_post,SEIR_Q,10181,150
0,0.9884,susceptible,0.0,PLC_pre,SEIR,10000,150
1,0.9788,susceptible,10.0,PLC_pre,SEIR,10000,150
2,0.9543,susceptible,20.0,PLC_pre,SEIR,10000,150
3,0.9192,susceptible,30.0,PLC_pre,SEIR,10000,150
4,0.8784,susceptible,40.0,PLC_pre,SEIR,10000,150
5,0.8521,susceptible,50.0,PLC_pre,SEIR,10000,150
6,0.8336,susceptible,60.0,PLC_pre,SEIR,10000,150
7,0.824,susceptible,70.0,PLC_pre,SEIR,10000,150
8,0.8157,susceptible,80.0,PLC_pre,SEIR,10000,150
9,0.8111,susceptible,90.0,PLC_pre,SEIR,10000,150
10,0.809,susceptible,100.0,PLC_pre,SEIR,10000,150
11,0.8078,susceptible,110.0,PLC_pre,SEIR,10000,150
12,0.8065,susceptible,120.0,PLC_pre,SEIR,10000,150
13,0.806,susceptible,130.0,PLC_pre,SEIR,10000,150
14,0.8055,susceptible,140.0,PLC_pre,SEIR,10000,150
15,0.805,susceptible,150.0,PLC_pre,SEIR,10000,150
16,0.0116,exposed,0.0,PLC_pre,SEIR,10000,150
17,0.0069,exposed,10.0,PLC_pre,SEIR,10000,150
18,0.0113,exposed,20.0,PLC_pre,SEIR,10000,150
19,0.0168,exposed,30.0,PLC_pre,SEIR,10000,150
20,0.0204,exposed,40.0,PLC_pre,SEIR,10000,150
21,0.0143,exposed,50.0,PLC_pre,SEIR,10000,150
22,0.0106,exposed,60.0,PLC_pre,SEIR,10000,150
23,0.0054,exposed,70.0,PLC_pre,SEIR,10000,150
24,0.0043,exposed,80.0,PLC_pre,SEIR,10000,150
25,0.002,exposed,90.0,PLC_pre,SEIR,10000,150
26,0.0012,exposed,100.0,PLC_pre,SEIR,10000,150
27,0.0009,exposed,110.0,PLC_pre,SEIR,10000,150
28,0.0009,exposed,120.0,PLC_pre,SEIR,10000,150
29,0.0005,exposed,130.0,PLC_pre,SEIR,10000,150
30,0.0003,exposed,140.0,PLC_pre,SEIR,10000,150
31,0.0002,exposed,150.0,PLC_pre,SEIR,10000,150
32,0.0,infected,0.0,PLC_pre,SEIR,10000,150
33,0.0088,infected,10.0,PLC_pre,SEIR,10000,150
34,0.0167,infected,20.0,PLC_pre,SEIR,10000,150
35,0.0279,infected,30.0,PLC_pre,SEIR,10000,150
36,0.0334,infected,40.0,PLC_pre,SEIR,10000,150
37,0.0322,infected,50.0,PLC_pre,SEIR,10000,150
38,0.026,infected,60.0,PLC_pre,SEIR,10000,150
39,0.0188,infected,70.0,PLC_pre,SEIR,10000,150
40,0.0113,infected,80.0,PLC_pre,SEIR,10000,150
41,0.0086,infected,90.0,PLC_pre,SEIR,10000,150
42,0.0055,infected,100.0,PLC_pre,SEIR,10000,150
43,0.0027,infected,110.0,PLC_pre,SEIR,10000,150
44,0.0018,infected,120.0,PLC_pre,SEIR,10000,150
45,0.0006,infected,130.0,PLC_pre,SEIR,10000,150
46,0.0009,infected,140.0,PLC_pre,SEIR,10000,150
47,0.0006,infected,150.0,PLC_pre,SEIR,10000,150
48,0.0,removed,0.0,PLC_pre,SEIR,10000,150
49,0.0055,removed,10.0,PLC_pre,SEIR,10000,150
50,0.0177,removed,20.0,PLC_pre,SEIR,10000,150
51,0.0361,removed,30.0,PLC_pre,SEIR,10000,150
52,0.0678,removed,40.0,PLC_pre,SEIR,10000,150
53,0.1014,removed,50.0,PLC_pre,SEIR,10000,150
54,0.1298,removed,60.0,PLC_pre,SEIR,10000,150
55,0.1518,removed,70.0,PLC_pre,SEIR,10000,150
56,0.1687,removed,80.0,PLC_pre,SEIR,10000,150
57,0.1783,removed,90.0,PLC_pre,SEIR,10000,150
58,0.1843,removed,100.0,PLC_pre,SEIR,10000,150
59,0.1886,removed,110.0,PLC_pre,SEIR,10000,150
60,0.1908,removed,120.0,PLC_pre,SEIR,10000,150
61,0.1929,removed,130.0,PLC_pre,SEIR,10000,150
62,0.1933,removed,140.0,PLC_pre,SEIR,10000,150
63,0.1942,removed,150.0,PLC_pre,SEIR,10000,150
0,0.9911,susceptible,0.0,PLC_pre,SEIR_Q,10000,150
1,0.9848,susceptible,10.0,PLC_pre,SEIR_Q,10000,150
2,0.9724,susceptible,20.0,PLC_pre,SEIR_Q,10000,150
3,0.9566,susceptible,30.0,PLC_pre,SEIR_Q,10000,150
4,0.9332,susceptible,40.0,PLC_pre,SEIR_Q,10000,150
5,0.9121,susceptible,50.0,PLC_pre,SEIR_Q,10000,150
6,0.8907,susceptible,60.0,PLC_pre,SEIR_Q,10000,150
7,0.8735,susceptible,70.0,PLC_pre,SEIR_Q,10000,150
8,0.8609,susceptible,80.0,PLC_pre,SEIR_Q,10000,150
9,0.8529,susceptible,90.0,PLC_pre,SEIR_Q,10000,150
10,0.8458,susceptible,100.0,PLC_pre,SEIR_Q,10000,150
11,0.8412,susceptible,110.0,PLC_pre,SEIR_Q,10000,150
12,0.8382,susceptible,120.0,PLC_pre,SEIR_Q,10000,150
13,0.8355,susceptible,130.0,PLC_pre,SEIR_Q,10000,150
14,0.8326,susceptible,140.0,PLC_pre,SEIR_Q,10000,150
15,0.8318,susceptible,150.0,PLC_pre,SEIR_Q,10000,150
16,0.0089,exposed,0.0,PLC_pre,SEIR_Q,10000,150
17,0.0048,exposed,10.0,PLC_pre,SEIR_Q,10000,150
18,0.0064,exposed,20.0,PLC_pre,SEIR_Q,10000,150
19,0.0076,exposed,30.0,PLC_pre,SEIR_Q,10000,150
20,0.0116,exposed,40.0,PLC_pre,SEIR_Q,10000,150
21,0.0106,exposed,50.0,PLC_pre,SEIR_Q,10000,150
22,0.011,exposed,60.0,PLC_pre,SEIR_Q,10000,150
23,0.0091,exposed,70.0,PLC_pre,SEIR_Q,10000,150
24,0.0061,exposed,80.0,PLC_pre,SEIR_Q,10000,150
25,0.0048,exposed,90.0,PLC_pre,SEIR_Q,10000,150
26,0.0032,exposed,100.0,PLC_pre,SEIR_Q,10000,150
27,0.0032,exposed,110.0,PLC_pre,SEIR_Q,10000,150
28,0.0013,exposed,120.0,PLC_pre,SEIR_Q,10000,150
29,0.0012,exposed,130.0,PLC_pre,SEIR_Q,10000,150
30,0.0014,exposed,140.0,PLC_pre,SEIR_Q,10000,150
31,0.0005,exposed,150.0,PLC_pre,SEIR_Q,10000,150
32,0.0,infected,0.0,PLC_pre,SEIR_Q,10000,150
33,0.006,infected,10.0,PLC_pre,SEIR_Q,10000,150
34,0.0081,infected,20.0,PLC_pre,SEIR_Q,10000,150
35,0.0122,infected,30.0,PLC_pre,SEIR_Q,10000,150
36,0.0172,infected,40.0,PLC_pre,SEIR_Q,10000,150
37,0.0206,infected,50.0,PLC_pre,SEIR_Q,10000,150
38,0.0208,infected,60.0,PLC_pre,SEIR_Q,10000,150
39,0.0199,infected,70.0,PLC_pre,SEIR_Q,10000,150
40,0.0163,infected,80.0,PLC_pre,SEIR_Q,10000,150
41,0.0107,infected,90.0,PLC_pre,SEIR_Q,10000,150
42,0.0097,infected,100.0,PLC_pre,SEIR_Q,10000,150
43,0.0068,infected,110.0,PLC_pre,SEIR_Q,10000,150
44,0.0063,infected,120.0,PLC_pre,SEIR_Q,10000,150
45,0.0044,infected,130.0,PLC_pre,SEIR_Q,10000,150
46,0.0033,infected,140.0,PLC_pre,SEIR_Q,10000,150
47,0.0017,infected,150.0,PLC_pre,SEIR_Q,10000,150
48,0.0,removed,0.0,PLC_pre,SEIR_Q,10000,150
49,0.0044,removed,10.0,PLC_pre,SEIR_Q,10000,150
50,0.0131,removed,20.0,PLC_pre,SEIR_Q,10000,150
51,0.0236,removed,30.0,PLC_pre,SEIR_Q,10000,150
52,0.038,removed,40.0,PLC_pre,SEIR_Q,10000,150
53,0.0567,removed,50.0,PLC_pre,SEIR_Q,10000,150
54,0.0775,removed,60.0,PLC_pre,SEIR_Q,10000,150
55,0.0975,removed,70.0,PLC_pre,SEIR_Q,10000,150
56,0.1167,removed,80.0,PLC_pre,SEIR_Q,10000,150
57,0.1316,removed,90.0,PLC_pre,SEIR_Q,10000,150
58,0.1413,removed,100.0,PLC_pre,SEIR_Q,10000,150
59,0.1488,removed,110.0,PLC_pre,SEIR_Q,10000,150
60,0.1542,removed,120.0,PLC_pre,SEIR_Q,10000,150
61,0.1589,removed,130.0,PLC_pre,SEIR_Q,10000,150
62,0.1627,removed,140.0,PLC_pre,SEIR_Q,10000,150
63,0.166,removed,150.0,PLC_pre,SEIR_Q,10000,150
0,0.9897041183526589,susceptible,0.0,DISTANCED_pre,SEIR,10004,150
1,0.9787085165933627,susceptible,10.0,DISTANCED_pre,SEIR,10004,150
2,0.9568172730907637,susceptible,20.0,DISTANCED_pre,SEIR,10004,150
3,0.9223310675729708,susceptible,30.0,DISTANCED_pre,SEIR,10004,150
4,0.8806477409036385,susceptible,40.0,DISTANCED_pre,SEIR,10004,150
5,0.8297680927628949,susceptible,50.0,DISTANCED_pre,SEIR,10004,150
6,0.796281487405038,susceptible,60.0,DISTANCED_pre,SEIR,10004,150
7,0.7696921231507396,susceptible,70.0,DISTANCED_pre,SEIR,10004,150
8,0.7511995201919233,susceptible,80.0,DISTANCED_pre,SEIR,10004,150
9,0.7428028788484606,susceptible,90.0,DISTANCED_pre,SEIR,10004,150
10,0.7360055977608957,susceptible,100.0,DISTANCED_pre,SEIR,10004,150
11,0.7310075969612155,susceptible,110.0,DISTANCED_pre,SEIR,10004,150
12,0.727109156337465,susceptible,120.0,DISTANCED_pre,SEIR,10004,150
13,0.7248100759696121,susceptible,130.0,DISTANCED_pre,SEIR,10004,150
14,0.723610555777689,susceptible,140.0,DISTANCED_pre,SEIR,10004,150
15,0.7231107556977209,susceptible,150.0,DISTANCED_pre,SEIR,10004,150
16,0.010295881647341064,exposed,0.0,DISTANCED_pre,SEIR,10004,150
17,0.00819672131147541,exposed,10.0,DISTANCED_pre,SEIR,10004,150
18,0.0116953218712515,exposed,20.0,DISTANCED_pre,SEIR,10004,150
19,0.018992403038784487,exposed,30.0,DISTANCED_pre,SEIR,10004,150
20,0.0194922031187525,exposed,40.0,DISTANCED_pre,SEIR,10004,150
21,0.022590963614554177,exposed,50.0,DISTANCED_pre,SEIR,10004,150
22,0.01749300279888045,exposed,60.0,DISTANCED_pre,SEIR,10004,150
23,0.012095161935225909,exposed,70.0,DISTANCED_pre,SEIR,10004,150
24,0.008796481407437025,exposed,80.0,DISTANCED_pre,SEIR,10004,150
25,0.004498200719712115,exposed,90.0,DISTANCED_pre,SEIR,10004,150
26,0.004098360655737705,exposed,100.0,DISTANCED_pre,SEIR,10004,150
27,0.002299080367852859,exposed,110.0,DISTANCED_pre,SEIR,10004,150
28,0.0026989204318272693,exposed,120.0,DISTANCED_pre,SEIR,10004,150
29,0.0010995601759296281,exposed,130.0,DISTANCED_pre,SEIR,10004,150
30,0.000899640143942423,exposed,140.0,DISTANCED_pre,SEIR,10004,150
31,0.00019992003198720512,exposed,150.0,DISTANCED_pre,SEIR,10004,150
32,0.0,infected,0.0,DISTANCED_pre,SEIR,10004,150
33,0.0075969612155137945,infected,10.0,DISTANCED_pre,SEIR,10004,150
34,0.015093962415033987,infected,20.0,DISTANCED_pre,SEIR,10004,150
35,0.024890043982407038,infected,30.0,DISTANCED_pre,SEIR,10004,150
36,0.03558576569372251,infected,40.0,DISTANCED_pre,SEIR,10004,150
37,0.04338264694122351,infected,50.0,DISTANCED_pre,SEIR,10004,150
38,0.0390843662534986,infected,60.0,DISTANCED_pre,SEIR,10004,150
39,0.03348660535785686,infected,70.0,DISTANCED_pre,SEIR,10004,150
40,0.024490203918432627,infected,80.0,DISTANCED_pre,SEIR,10004,150
41,0.01679328268692523,infected,90.0,DISTANCED_pre,SEIR,10004,150
42,0.011195521791283487,infected,100.0,DISTANCED_pre,SEIR,10004,150
43,0.008296681327469012,infected,110.0,DISTANCED_pre,SEIR,10004,150
44,0.005397840863654539,infected,120.0,DISTANCED_pre,SEIR,10004,150
45,0.004098360655737705,infected,130.0,DISTANCED_pre,SEIR,10004,150
46,0.0026989204318272693,infected,140.0,DISTANCED_pre,SEIR,10004,150
47,0.001999200319872051,infected,150.0,DISTANCED_pre,SEIR,10004,150
48,0.0,removed,0.0,DISTANCED_pre,SEIR,10004,150
49,0.0054978008796481405,removed,10.0,DISTANCED_pre,SEIR,10004,150
50,0.01639344262295082,removed,20.0,DISTANCED_pre,SEIR,10004,150
51,0.03378648540583767,removed,30.0,DISTANCED_pre,SEIR,10004,150
52,0.06427429028388644,removed,40.0,DISTANCED_pre,SEIR,10004,150
53,0.10425829668132747,removed,50.0,DISTANCED_pre,SEIR,10004,150
54,0.14714114354258298,removed,60.0,DISTANCED_pre,SEIR,10004,150
55,0.18472610955617752,removed,70.0,DISTANCED_pre,SEIR,10004,150
56,0.21551379448220712,removed,80.0,DISTANCED_pre,SEIR,10004,150
57,0.23590563774490203,removed,90.0,DISTANCED_pre,SEIR,10004,150
58,0.24870051979208316,removed,100.0,DISTANCED_pre,SEIR,10004,150
59,0.25839664134346263,removed,110.0,DISTANCED_pre,SEIR,10004,150
60,0.26479408236705315,removed,120.0,DISTANCED_pre,SEIR,10004,150
61,0.2699920031987205,removed,130.0,DISTANCED_pre,SEIR,10004,150
62,0.27279088364654136,removed,140.0,DISTANCED_pre,SEIR,10004,150
63,0.2746901239504198,removed,150.0,DISTANCED_pre,SEIR,10004,150
0,0.9904038384646141,susceptible,0.0,DISTANCED_pre,SEIR_Q,10004,150
1,0.9811075569772091,susceptible,10.0,DISTANCED_pre,SEIR_Q,10004,150
2,0.965813674530188,susceptible,20.0,DISTANCED_pre,SEIR_Q,10004,150
3,0.9464214314274291,susceptible,30.0,DISTANCED_pre,SEIR_Q,10004,150
4,0.9246301479408237,susceptible,40.0,DISTANCED_pre,SEIR_Q,10004,150
5,0.9026389444222311,susceptible,50.0,DISTANCED_pre,SEIR_Q,10004,150
6,0.8783486605357856,susceptible,60.0,DISTANCED_pre,SEIR_Q,10004,150
7,0.8567572970811675,susceptible,70.0,DISTANCED_pre,SEIR_Q,10004,150
8,0.8346661335465814,susceptible,80.0,DISTANCED_pre,SEIR_Q,10004,150
9,0.8172730907636945,susceptible,90.0,DISTANCED_pre,SEIR_Q,10004,150
10,0.8023790483806478,susceptible,100.0,DISTANCED_pre,SEIR_Q,10004,150
11,0.7902838864454218,susceptible,110.0,DISTANCED_pre,SEIR_Q,10004,150
12,0.7805877648940424,susceptible,120.0,DISTANCED_pre,SEIR_Q,10004,150
13,0.7717912834866053,susceptible,130.0,DISTANCED_pre,SEIR_Q,10004,150
14,0.7638944422231108,susceptible,140.0,DISTANCED_pre,SEIR_Q,10004,150
15,0.7611955217912835,susceptible,150.0,DISTANCED_pre,SEIR_Q,10004,150
16,0.009596161535385846,exposed,0.0,DISTANCED_pre,SEIR_Q,10004,150
17,0.004798080767692923,exposed,10.0,DISTANCED_pre,SEIR_Q,10004,150
18,0.007796881247501,exposed,20.0,DISTANCED_pre,SEIR_Q,10004,150
19,0.009796081567373051,exposed,30.0,DISTANCED_pre,SEIR_Q,10004,150
20,0.010095961615353859,exposed,40.0,DISTANCED_pre,SEIR_Q,10004,150
21,0.011295481807277089,exposed,50.0,DISTANCED_pre,SEIR_Q,10004,150
22,0.010995601759296281,exposed,60.0,DISTANCED_pre,SEIR_Q,10004,150
23,0.01019592163134746,exposed,70.0,DISTANCED_pre,SEIR_Q,10004,150
24,0.011895241903238705,exposed,80.0,DISTANCED_pre,SEIR_Q,10004,150
25,0.009196321471411436,exposed,90.0,DISTANCED_pre,SEIR_Q,10004,150
26,0.006197520991603359,exposed,100.0,DISTANCED_pre,SEIR_Q,10004,150
27,0.005897640943622551,exposed,110.0,DISTANCED_pre,SEIR_Q,10004,150
28,0.005397840863654539,exposed,120.0,DISTANCED_pre,SEIR_Q,10004,150
29,0.00469812075169932,exposed,130.0,DISTANCED_pre,SEIR_Q,10004,150
30,0.0030987604958016795,exposed,140.0,DISTANCED_pre,SEIR_Q,10004,150
31,0.0013994402239104358,exposed,150.0,DISTANCED_pre,SEIR_Q,10004,150
32,0.0,infected,0.0,DISTANCED_pre,SEIR_Q,10004,150
33,0.008496601359456218,infected,10.0,DISTANCED_pre,SEIR_Q,10004,150
34,0.011495401839264294,infected,20.0,DISTANCED_pre,SEIR_Q,10004,150
35,0.015893642542982808,infected,30.0,DISTANCED_pre,SEIR_Q,10004,150
36,0.019592163134746102,infected,40.0,DISTANCED_pre,SEIR_Q,10004,150
37,0.020491803278688523,infected,50.0,DISTANCED_pre,SEIR_Q,10004,150
38,0.022391043582566973,infected,60.0,DISTANCED_pre,SEIR_Q,10004,150
39,0.02189124350259896,infected,70.0,DISTANCED_pre,SEIR_Q,10004,150
40,0.022491003598560575,infected,80.0,DISTANCED_pre,SEIR_Q,10004,150
41,0.020191923230707717,infected,90.0,DISTANCED_pre,SEIR_Q,10004,150
42,0.018492602958816474,infected,100.0,DISTANCED_pre,SEIR_Q,10004,150
43,0.01449420231907237,infected,110.0,DISTANCED_pre,SEIR_Q,10004,150
44,0.012794882047181128,infected,120.0,DISTANCED_pre,SEIR_Q,10004,150
45,0.011095561775289885,infected,130.0,DISTANCED_pre,SEIR_Q,10004,150
46,0.00859656137544982,infected,140.0,DISTANCED_pre,SEIR_Q,10004,150
47,0.005297880847660936,infected,150.0,DISTANCED_pre,SEIR_Q,10004,150
48,0.0,removed,0.0,DISTANCED_pre,SEIR_Q,10004,150
49,0.005597760895641743,removed,10.0,DISTANCED_pre,SEIR_Q,10004,150
50,0.014894042383046781,removed,20.0,DISTANCED_pre,SEIR_Q,10004,150
51,0.027888844462215113,removed,30.0,DISTANCED_pre,SEIR_Q,10004,150
52,0.04568172730907637,removed,40.0,DISTANCED_pre,SEIR_Q,10004,150
53,0.06557377049180328,removed,50.0,DISTANCED_pre,SEIR_Q,10004,150
54,0.08826469412235106,removed,60.0,DISTANCED_pre,SEIR_Q,10004,150
55,0.11115553778488604,removed,70.0,DISTANCED_pre,SEIR_Q,10004,150
56,0.13094762095161935,removed,80.0,DISTANCED_pre,SEIR_Q,10004,150
57,0.15333866453418632,removed,90.0,DISTANCED_pre,SEIR_Q,10004,150
58,0.17293082766893242,removed,100.0,DISTANCED_pre,SEIR_Q,10004,150
59,0.18932427029188326,removed,110.0,DISTANCED_pre,SEIR_Q,10004,150
60,0.20121951219512196,removed,120.0,DISTANCED_pre,SEIR_Q,10004,150
61,0.21241503398640543,removed,130.0,DISTANCED_pre,SEIR_Q,10004,150
62,0.22441023590563774,removed,140.0,DISTANCED_pre,SEIR_Q,10004,150
63,0.23210715713714514,removed,150.0,DISTANCED_pre,SEIR_Q,10004,150
